{
  "apps" : [{
    "name" : "client",  //名称
    "script": "./bin/www", //程序入库
    "cwd": "./",           //根目录
    "watch":[
      "bin",
      "assets",
      "routes",
      "views",
      "app.js"
    ],//需要监控的目录
    "error_file":"./logs/app-err.log",//错误输出日志
    "out_file":"./logs/app-out.log",  //日志
    "log_date_format":"YYYY-MM-DD HH:mm Z" //日期格式
  },
  {
    "name" : "server",  //名称
    "script": "./bin/server", //程序入库
    "cwd": "./",           //根目录
    "watch":[
      "bin",
      "public",
      "routes",
      "views",
      "server.js"
    ],//需要监控的目录
    "error_file":"./logs/app-err.log",//错误输出日志
    "out_file":"./logs/app-out.log",  //日志
    "log_date_format":"YYYY-MM-DD HH:mm Z" //日期格式
  }
  ]
}